"","Predictor","Estimate","SE","LCL","UCL"
"1","lam(Int)",1.00579607024418,0.968419544620099,-0.892306237211216,2.90389837769957
"2","lam(Blackspruce_150)",0.358715354953087,0.15396975773576,0.0569346297909966,0.660496080115176
"3","lam(S150.VPD__3.4m_Grid.1x1m.mean)",0.501081554318316,0.129045114250578,0.248153130387183,0.75400997824945
"4","lam(Tamarack_150)",0.421247686956655,0.114051468022859,0.197706809631852,0.644788564281459
"5","p(Int)",-2.69613628112599,1.03654917626625,-4.72777266660784,-0.664499895644132
